{
  "student_model": "PointNet++ SSG",
  "teacher_checkpoint": "clip_classifier_40cls.pth",
  "teacher_clip_model": "openai/clip-vit-large-patch14",
  "num_classes": 40,
  "num_points": 2048,
  "train_size": 8856,
  "val_size": 984,
  "test_size": 2468,
  "best_val_acc": 0.9227642276422764,
  "final_test_acc": 0.9027552674230146,
  "final_test_total_loss": 0.4409941109787896,
  "final_test_ce_loss": 0.3177715736279805,
  "final_test_kd_loss": 0.4938037744217599,
  "best_snapshot": {
    "epoch": 71,
    "train_acc": 0.964769647696477,
    "val_acc": 0.9227642276422764,
    "test_acc": 0.9007293354943274,
    "val_total_loss": 0.3901122939295885
  },
  "distill_alpha": 0.7,
  "distill_temperature": 2.0
}